<?xml version="1.0" encoding="UTF-8" standalone="yes"?>
<addon id="plugin.video.GplayMexico"
       name="[COLOR yellow]GplayMexico[/COLOR]"
       version="1.0"
       provider-name="Garay">
  <requires>
    <import addon="xbmc.python" version="2.1.0"/>
	<import addon="script.module.t0mm0.common" version="2.0.0"/>
    <import addon="script.module.beautifulsoup" version="3.2.1"/>
    <import addon="script.module.simple.downloader" version="0.9.4"/>
    <import addon="script.module.beautifulsoup4" />
    <import addon="script.module.simple.downloader" version="0.9.4"/>
    <import addon="script.module.requests" />
    <import addon="script.module.httplib2" />
    <import addon="script.module.youtube.dl" optional="true"/>
    <import addon="plugin.video.youtube" version="3.0.0"/>
    <import addon="script.module.urlresolver" optional="true"/>
    <import addon="script.module.simplejson" /> 
    <import addon="script.common.plugin.cache" version="2.5.2"/>
    <import addon="script.module.metahandler" version="2.5.1"/>

  </requires>
  <extension point="xbmc.python.pluginsource" library="default.py">
    <provides>video</provides>
  </extension>
  
  <extension point="xbmc.addon.repository" name="Kodi-Mexico official Repo">
		<info compressed="false">https://raw.githubusercontent.com/kodimexico/miNuevoRepo/master/addons.xml</info>
		<checksum>https://raw.githubusercontent.com/kodimexico/miNuevoRepo/master/addons.xml.md5</checksum>
		<datadir zip="true">https://raw.githubusercontent.com/kodimexico/miNuevoRepo/master</datadir>
	</extension>
	<extension point="xbmc.addon.metadata">
		<summary>Kodi-Mexico official Repo</summary>
   		<description lang="en">Instala los Addons de Kodi Mexico.</description>
		<disclaimer></disclaimer>
		<platform>all</platform>
	</extension>
  
  <extension point="xbmc.addon.metadata">
    <summary lang="en">Lista de canales GplayMexico</summary>
    <description lang="en">Peliculas y Mas</description>
    <platform>all</platform>
  </extension>
</addon>
