
<?xml version="1.0" encoding="UTF-8" standalone="yes"?>
<addon id="repository.kodi-mexico" name="Kodi-Mexico official Repo" version="1.1.0" provider-name="KodiMexico">
	<extension point="xbmc.addon.repository" name="Kodi-Mexico official Repo">
		<info compressed="false">https://raw.githubusercontent.com/kodimexico/miNuevoRepo/master/addons.xml</info>
		<checksum>https://raw.githubusercontent.com/kodimexico/miNuevoRepo/master/addons.xml.md5</checksum>
		<datadir zip="true">https://raw.githubusercontent.com/kodimexico/miNuevoRepo/master</datadir>
	</extension>
	<extension point="xbmc.addon.metadata">
		<summary>Kodi-Mexico official Repo</summary>
   		<description lang="en">Instala los Addons de Kodi Mexico.</description>
		<disclaimer></disclaimer>
		<platform>all</platform>
	</extension>
</addon>